id,Период,минут
215348,текущий_месяц,14
215348,предыдцщий_месяц,13
215349,текущий_месяц,10
215349,предыдцщий_месяц,12
215350,текущий_месяц,13
215350,предыдцщий_месяц,8
215351,текущий_месяц,13
215351,предыдцщий_месяц,11
215352,текущий_месяц,11
215352,предыдцщий_месяц,8
215353,предыдцщий_месяц,10
215353,текущий_месяц,10
215354,предыдцщий_месяц,11
215354,текущий_месяц,12
215355,предыдцщий_месяц,12
215355,текущий_месяц,10
215356,предыдцщий_месяц,6
215356,текущий_месяц,7
215357,предыдцщий_месяц,12
215357,текущий_месяц,6
215358,предыдцщий_месяц,14
215358,текущий_месяц,10
215359,предыдцщий_месяц,13
215359,текущий_месяц,11
215360,текущий_месяц,6
215360,предыдцщий_месяц,9
215361,текущий_месяц,13
215361,предыдцщий_месяц,11
215362,текущий_месяц,13
215362,предыдцщий_месяц,13
215363,предыдцщий_месяц,8
215363,текущий_месяц,5
215364,текущий_месяц,9
215364,предыдцщий_месяц,11
215365,текущий_месяц,10
215365,предыдцщий_месяц,6
215366,текущий_месяц,14
215366,предыдцщий_месяц,8
215367,текущий_месяц,7
215367,предыдцщий_месяц,8
215368,текущий_месяц,9
215368,предыдцщий_месяц,11
215369,предыдцщий_месяц,8
215369,текущий_месяц,9
215370,текущий_месяц,10
215370,предыдцщий_месяц,7
215371,предыдцщий_месяц,10
215371,текущий_месяц,10
215372,текущий_месяц,9
215372,предыдцщий_месяц,9
215373,текущий_месяц,8
215373,предыдцщий_месяц,10
215374,текущий_месяц,8
215374,предыдцщий_месяц,11
215375,предыдцщий_месяц,8
215375,текущий_месяц,9
215376,предыдцщий_месяц,8
215376,текущий_месяц,9
215377,текущий_месяц,7
215377,предыдцщий_месяц,8
215378,предыдцщий_месяц,12
215378,текущий_месяц,8
215379,предыдцщий_месяц,10
215379,текущий_месяц,15
215380,предыдцщий_месяц,12
215380,текущий_месяц,14
215381,текущий_месяц,9
215381,предыдцщий_месяц,9
215382,предыдцщий_месяц,15
215382,текущий_месяц,8
215383,предыдцщий_месяц,7
215383,текущий_месяц,10
215384,текущий_месяц,12
215384,предыдцщий_месяц,11
215385,текущий_месяц,8
215385,предыдцщий_месяц,10
215386,предыдцщий_месяц,14
215386,текущий_месяц,8
215387,текущий_месяц,5
215387,предыдцщий_месяц,7
215388,предыдцщий_месяц,10
215388,текущий_месяц,12
215389,текущий_месяц,7
215389,предыдцщий_месяц,7
215390,текущий_месяц,12
215390,предыдцщий_месяц,8
215391,текущий_месяц,11
215391,предыдцщий_месяц,10
215392,текущий_месяц,7
215392,предыдцщий_месяц,7
215393,текущий_месяц,11
215393,предыдцщий_месяц,12
215394,текущий_месяц,7
215394,предыдцщий_месяц,8
215395,текущий_месяц,9
215395,предыдцщий_месяц,9
215396,текущий_месяц,6
215396,предыдцщий_месяц,12
215397,предыдцщий_месяц,6
215397,текущий_месяц,8
215398,предыдцщий_месяц,5
215398,текущий_месяц,6
215399,предыдцщий_месяц,13
215399,текущий_месяц,10
215400,текущий_месяц,9
215400,предыдцщий_месяц,11
215401,текущий_месяц,8
215401,предыдцщий_месяц,10
215402,предыдцщий_месяц,5
215402,текущий_месяц,5
215403,предыдцщий_месяц,7
215403,текущий_месяц,8
215404,предыдцщий_месяц,12
215404,текущий_месяц,13
215405,предыдцщий_месяц,12
215405,текущий_месяц,9
215406,предыдцщий_месяц,6
215406,текущий_месяц,6
215407,текущий_месяц,13
215407,предыдцщий_месяц,9
215408,текущий_месяц,12
215408,предыдцщий_месяц,10
215409,текущий_месяц,12
215409,предыдцщий_месяц,6
215410,текущий_месяц,4
215410,предыдцщий_месяц,6
215411,текущий_месяц,10
215411,предыдцщий_месяц,9
215412,текущий_месяц,9
215412,предыдцщий_месяц,10
215413,текущий_месяц,12
215413,предыдцщий_месяц,9
215414,текущий_месяц,9
215414,предыдцщий_месяц,13
215415,текущий_месяц,9
215415,предыдцщий_месяц,13
215416,текущий_месяц,8
215416,предыдцщий_месяц,5
215417,текущий_месяц,9
215417,предыдцщий_месяц,9
215418,текущий_месяц,11
215418,предыдцщий_месяц,8
215419,текущий_месяц,11
215419,предыдцщий_месяц,10
215420,текущий_месяц,9
215420,предыдцщий_месяц,11
215421,предыдцщий_месяц,11
215421,текущий_месяц,13
215422,предыдцщий_месяц,6
215422,текущий_месяц,12
215423,предыдцщий_месяц,10
215423,текущий_месяц,10
215424,предыдцщий_месяц,10
215424,текущий_месяц,14
215425,текущий_месяц,11
215425,предыдцщий_месяц,10
215426,текущий_месяц,7
215426,предыдцщий_месяц,10
215427,текущий_месяц,14
215427,предыдцщий_месяц,9
215428,текущий_месяц,9
215428,предыдцщий_месяц,10
215429,текущий_месяц,10
215429,предыдцщий_месяц,11
215430,текущий_месяц,6
215430,предыдцщий_месяц,12
215431,текущий_месяц,14
215431,предыдцщий_месяц,12
215432,текущий_месяц,12
215432,предыдцщий_месяц,12
215433,текущий_месяц,11
215433,предыдцщий_месяц,8
215434,предыдцщий_месяц,7
215434,текущий_месяц,7
215435,текущий_месяц,11
215435,предыдцщий_месяц,7
215436,текущий_месяц,10
215436,предыдцщий_месяц,10
215437,текущий_месяц,6
215437,предыдцщий_месяц,10
215438,текущий_месяц,12
215438,предыдцщий_месяц,10
215439,предыдцщий_месяц,9
215439,текущий_месяц,9
215440,предыдцщий_месяц,7
215440,текущий_месяц,7
215441,предыдцщий_месяц,7
215441,текущий_месяц,12
215442,предыдцщий_месяц,8
215442,текущий_месяц,5
215443,текущий_месяц,8
215443,предыдцщий_месяц,5
215444,текущий_месяц,9
215444,предыдцщий_месяц,5
215445,предыдцщий_месяц,9
215445,текущий_месяц,10
215446,текущий_месяц,14
215446,предыдцщий_месяц,11
215447,предыдцщий_месяц,6
215447,текущий_месяц,9
215448,предыдцщий_месяц,9
215448,текущий_месяц,10
215449,текущий_месяц,13
215449,предыдцщий_месяц,10
215450,предыдцщий_месяц,12
215450,текущий_месяц,8
215451,текущий_месяц,14
215451,предыдцщий_месяц,11
215452,предыдцщий_месяц,11
215452,текущий_месяц,10
215453,предыдцщий_месяц,9
215453,текущий_месяц,12
215454,предыдцщий_месяц,9
215454,текущий_месяц,9
215455,предыдцщий_месяц,12
215455,текущий_месяц,10
215456,текущий_месяц,9
215456,предыдцщий_месяц,10
215457,текущий_месяц,10
215457,предыдцщий_месяц,8
215458,предыдцщий_месяц,14
215458,текущий_месяц,15
215459,предыдцщий_месяц,14
215459,текущий_месяц,8
215460,текущий_месяц,11
215460,предыдцщий_месяц,10
215461,предыдцщий_месяц,12
215461,текущий_месяц,9
215462,текущий_месяц,4
215462,предыдцщий_месяц,6
215463,предыдцщий_месяц,8
215463,текущий_месяц,12
215464,текущий_месяц,10
215464,предыдцщий_месяц,11
215465,текущий_месяц,9
215465,предыдцщий_месяц,11
215466,текущий_месяц,14
215466,предыдцщий_месяц,11
215467,текущий_месяц,13
215467,предыдцщий_месяц,7
215468,текущий_месяц,11
215468,предыдцщий_месяц,9
215469,текущий_месяц,8
215469,предыдцщий_месяц,12
215470,текущий_месяц,11
215470,предыдцщий_месяц,13
215471,текущий_месяц,9
215471,предыдцщий_месяц,7
215472,текущий_месяц,8
215472,предыдцщий_месяц,11
215473,текущий_месяц,13
215473,предыдцщий_месяц,8
215474,текущий_месяц,13
215474,предыдцщий_месяц,11
215475,предыдцщий_месяц,11
215475,текущий_месяц,11
215476,предыдцщий_месяц,6
215476,текущий_месяц,11
215477,текущий_месяц,14
215477,предыдцщий_месяц,12
215478,текущий_месяц,14
215478,предыдцщий_месяц,10
215479,текущий_месяц,8
215479,предыдцщий_месяц,10
215480,текущий_месяц,12
215480,предыдцщий_месяц,6
215481,текущий_месяц,11
215481,предыдцщий_месяц,10
215482,текущий_месяц,10
215482,предыдцщий_месяц,12
215483,текущий_месяц,8
215483,предыдцщий_месяц,8
215484,предыдцщий_месяц,5
215484,текущий_месяц,7
215485,предыдцщий_месяц,10
215485,текущий_месяц,14
215486,текущий_месяц,13
215486,предыдцщий_месяц,9
215487,текущий_месяц,8
215487,предыдцщий_месяц,10
215488,текущий_месяц,8
215488,предыдцщий_месяц,10
215489,текущий_месяц,8
215489,предыдцщий_месяц,9
215490,предыдцщий_месяц,13
215490,текущий_месяц,11
215491,предыдцщий_месяц,11
215491,текущий_месяц,11
215492,предыдцщий_месяц,6
215492,текущий_месяц,9
215493,предыдцщий_месяц,9
215493,текущий_месяц,10
215494,предыдцщий_месяц,9
215494,текущий_месяц,13
215495,предыдцщий_месяц,14
215495,текущий_месяц,11
215496,текущий_месяц,11
215496,предыдцщий_месяц,11
215497,текущий_месяц,5
215497,предыдцщий_месяц,9
215498,текущий_месяц,9
215498,предыдцщий_месяц,9
215499,предыдцщий_месяц,14
215499,текущий_месяц,10
215500,текущий_месяц,12
215500,предыдцщий_месяц,11
215501,предыдцщий_месяц,9
215501,текущий_месяц,9
215502,текущий_месяц,10
215502,предыдцщий_месяц,13
215503,предыдцщий_месяц,7
215503,текущий_месяц,8
215504,текущий_месяц,10
215504,предыдцщий_месяц,11
215505,предыдцщий_месяц,7
215505,текущий_месяц,7
215506,предыдцщий_месяц,11
215506,текущий_месяц,8
215507,предыдцщий_месяц,16
215507,текущий_месяц,9
215508,предыдцщий_месяц,8
215508,текущий_месяц,5
215509,предыдцщий_месяц,8
215509,текущий_месяц,6
215510,текущий_месяц,14
215510,предыдцщий_месяц,9
215511,предыдцщий_месяц,10
215511,текущий_месяц,11
215512,текущий_месяц,8
215512,предыдцщий_месяц,12
215513,предыдцщий_месяц,10
215513,текущий_месяц,8
215514,текущий_месяц,9
215514,предыдцщий_месяц,6
215515,текущий_месяц,13
215515,предыдцщий_месяц,7
215516,текущий_месяц,11
215516,предыдцщий_месяц,9
215517,текущий_месяц,8
215517,предыдцщий_месяц,11
215518,текущий_месяц,6
215518,предыдцщий_месяц,6
215519,текущий_месяц,8
215519,предыдцщий_месяц,8
215520,текущий_месяц,14
215520,предыдцщий_месяц,11
215521,предыдцщий_месяц,11
215521,текущий_месяц,13
215522,предыдцщий_месяц,11
215522,текущий_месяц,11
215523,предыдцщий_месяц,14
215523,текущий_месяц,13
215524,предыдцщий_месяц,12
215524,текущий_месяц,11
215525,предыдцщий_месяц,9
215525,текущий_месяц,10
215526,предыдцщий_месяц,13
215526,текущий_месяц,12
215527,предыдцщий_месяц,8
215527,текущий_месяц,8
215528,предыдцщий_месяц,8
215528,текущий_месяц,8
215529,предыдцщий_месяц,10
215529,текущий_месяц,9
215530,предыдцщий_месяц,9
215530,текущий_месяц,10
215531,предыдцщий_месяц,13
215531,текущий_месяц,13
215532,текущий_месяц,9
215532,предыдцщий_месяц,7
215533,текущий_месяц,6
215533,предыдцщий_месяц,10
215534,предыдцщий_месяц,13
215534,текущий_месяц,10
215535,текущий_месяц,9
215535,предыдцщий_месяц,7
215536,текущий_месяц,12
215536,предыдцщий_месяц,15
215537,текущий_месяц,9
215537,предыдцщий_месяц,7
215538,текущий_месяц,4
215538,предыдцщий_месяц,8
215539,текущий_месяц,9
215539,предыдцщий_месяц,5
215540,текущий_месяц,10
215540,предыдцщий_месяц,9
215541,текущий_месяц,9
215541,предыдцщий_месяц,10
215542,текущий_месяц,9
215542,предыдцщий_месяц,11
215543,текущий_месяц,4
215543,предыдцщий_месяц,5
215544,текущий_месяц,12
215544,предыдцщий_месяц,9
215545,текущий_месяц,9
215545,предыдцщий_месяц,9
215546,текущий_месяц,10
215546,предыдцщий_месяц,11
215547,текущий_месяц,10
215547,предыдцщий_месяц,14
215548,текущий_месяц,12
215548,предыдцщий_месяц,11
215549,текущий_месяц,12
215549,предыдцщий_месяц,11
215550,текущий_месяц,9
215550,предыдцщий_месяц,12
215551,текущий_месяц,6
215551,предыдцщий_месяц,7
215552,текущий_месяц,11
215552,предыдцщий_месяц,12
215553,текущий_месяц,10
215553,предыдцщий_месяц,6
215554,предыдцщий_месяц,9
215554,текущий_месяц,12
215555,текущий_месяц,10
215555,предыдцщий_месяц,8
215556,текущий_месяц,8
215556,предыдцщий_месяц,7
215557,предыдцщий_месяц,10
215557,текущий_месяц,12
215558,предыдцщий_месяц,12
215558,текущий_месяц,14
215559,предыдцщий_месяц,11
215559,текущий_месяц,9
215560,текущий_месяц,12
215560,предыдцщий_месяц,14
215561,предыдцщий_месяц,7
215561,текущий_месяц,12
215562,текущий_месяц,10
215562,предыдцщий_месяц,8
215563,предыдцщий_месяц,10
215563,текущий_месяц,9
215564,предыдцщий_месяц,12
215564,текущий_месяц,12
215565,предыдцщий_месяц,11
215565,текущий_месяц,12
215566,текущий_месяц,14
215566,предыдцщий_месяц,8
215567,предыдцщий_месяц,11
215567,текущий_месяц,8
215568,предыдцщий_месяц,10
215568,текущий_месяц,10
215569,предыдцщий_месяц,11
215569,текущий_месяц,12
215570,предыдцщий_месяц,10
215570,текущий_месяц,10
215571,предыдцщий_месяц,12
215571,текущий_месяц,8
215572,текущий_месяц,15
215572,предыдцщий_месяц,16
215573,предыдцщий_месяц,12
215573,текущий_месяц,12
215574,предыдцщий_месяц,14
215574,текущий_месяц,9
215575,предыдцщий_месяц,7
215575,текущий_месяц,6
215576,текущий_месяц,9
215576,предыдцщий_месяц,8
215577,предыдцщий_месяц,12
215577,текущий_месяц,13
215578,предыдцщий_месяц,10
215578,текущий_месяц,7
215579,предыдцщий_месяц,6
215579,текущий_месяц,11
215580,предыдцщий_месяц,8
215580,текущий_месяц,9
215581,предыдцщий_месяц,8
215581,текущий_месяц,12
215582,предыдцщий_месяц,12
215582,текущий_месяц,13
215583,предыдцщий_месяц,13
215583,текущий_месяц,10
215584,текущий_месяц,11
215584,предыдцщий_месяц,6
215585,текущий_месяц,9
215585,предыдцщий_месяц,12
215586,предыдцщий_месяц,11
215586,текущий_месяц,14
215587,текущий_месяц,7
215587,предыдцщий_месяц,7
215588,текущий_месяц,11
215588,предыдцщий_месяц,8
215589,текущий_месяц,4
215589,предыдцщий_месяц,8
215590,текущий_месяц,14
215590,предыдцщий_месяц,12
215591,текущий_месяц,7
215591,предыдцщий_месяц,7
215592,текущий_месяц,9
215592,предыдцщий_месяц,8
215593,текущий_месяц,9
215593,предыдцщий_месяц,8
215594,текущий_месяц,10
215594,предыдцщий_месяц,13
215595,текущий_месяц,9
215595,предыдцщий_месяц,12
215596,текущий_месяц,8
215596,предыдцщий_месяц,14
215597,текущий_месяц,10
215597,предыдцщий_месяц,13
215598,текущий_месяц,11
215598,предыдцщий_месяц,10
215599,текущий_месяц,8
215599,предыдцщий_месяц,12
215600,предыдцщий_месяц,13
215600,текущий_месяц,14
215601,текущий_месяц,14
215601,предыдцщий_месяц,10
215602,предыдцщий_месяц,14
215602,текущий_месяц,9
215603,текущий_месяц,9
215603,предыдцщий_месяц,14
215604,текущий_месяц,10
215604,предыдцщий_месяц,8
215605,текущий_месяц,14
215605,предыдцщий_месяц,10
215606,предыдцщий_месяц,10
215606,текущий_месяц,7
215607,предыдцщий_месяц,9
215607,текущий_месяц,11
215608,предыдцщий_месяц,10
215608,текущий_месяц,6
215609,текущий_месяц,8
215609,предыдцщий_месяц,8
215610,предыдцщий_месяц,13
215610,текущий_месяц,8
215611,предыдцщий_месяц,14
215611,текущий_месяц,13
215612,текущий_месяц,12
215612,предыдцщий_месяц,8
215613,предыдцщий_месяц,11
215613,текущий_месяц,12
215614,предыдцщий_месяц,14
215614,текущий_месяц,11
215615,текущий_месяц,8
215615,предыдцщий_месяц,13
215616,предыдцщий_месяц,10
215616,текущий_месяц,8
215617,текущий_месяц,14
215617,предыдцщий_месяц,10
215618,предыдцщий_месяц,10
215618,текущий_месяц,7
215619,текущий_месяц,12
215619,предыдцщий_месяц,10
215620,предыдцщий_месяц,9
215620,текущий_месяц,12
215621,предыдцщий_месяц,7
215621,текущий_месяц,11
215622,текущий_месяц,10
215622,предыдцщий_месяц,9
215623,предыдцщий_месяц,9
215623,текущий_месяц,12
215624,текущий_месяц,15
215624,предыдцщий_месяц,7
215625,предыдцщий_месяц,11
215625,текущий_месяц,6
215626,текущий_месяц,10
215626,предыдцщий_месяц,5
215627,текущий_месяц,6
215627,предыдцщий_месяц,8
215628,текущий_месяц,10
215628,предыдцщий_месяц,9
215629,текущий_месяц,13
215629,предыдцщий_месяц,11
215630,текущий_месяц,14
215630,предыдцщий_месяц,15
215631,предыдцщий_месяц,6
215631,текущий_месяц,7
215632,предыдцщий_месяц,10
215632,текущий_месяц,11
215633,предыдцщий_месяц,10
215633,текущий_месяц,13
215634,текущий_месяц,8
215634,предыдцщий_месяц,7
215635,предыдцщий_месяц,11
215635,текущий_месяц,11
215636,текущий_месяц,10
215636,предыдцщий_месяц,8
215637,текущий_месяц,11
215637,предыдцщий_месяц,13
215638,текущий_месяц,12
215638,предыдцщий_месяц,14
215639,предыдцщий_месяц,6
215639,текущий_месяц,10
215640,текущий_месяц,10
215640,предыдцщий_месяц,13
215641,текущий_месяц,9
215641,предыдцщий_месяц,7
215642,предыдцщий_месяц,7
215642,текущий_месяц,7
215643,предыдцщий_месяц,7
215643,текущий_месяц,10
215644,текущий_месяц,10
215644,предыдцщий_месяц,13
215645,предыдцщий_месяц,10
215645,текущий_месяц,11
215646,текущий_месяц,9
215646,предыдцщий_месяц,8
215647,текущий_месяц,9
215647,предыдцщий_месяц,10
215648,текущий_месяц,9
215648,предыдцщий_месяц,10
215649,текущий_месяц,9
215649,предыдцщий_месяц,9
215650,текущий_месяц,6
215650,предыдцщий_месяц,9
215651,текущий_месяц,8
215651,предыдцщий_месяц,10
215652,предыдцщий_месяц,12
215652,текущий_месяц,11
215653,текущий_месяц,13
215653,предыдцщий_месяц,7
215654,предыдцщий_месяц,11
215654,текущий_месяц,9
215655,предыдцщий_месяц,13
215655,текущий_месяц,10
215656,предыдцщий_месяц,7
215656,текущий_месяц,10
215657,предыдцщий_месяц,11
215657,текущий_месяц,9
215658,предыдцщий_месяц,9
215658,текущий_месяц,10
215659,текущий_месяц,10
215659,предыдцщий_месяц,7
215660,текущий_месяц,12
215660,предыдцщий_месяц,6
215661,предыдцщий_месяц,11
215661,текущий_месяц,9
215662,текущий_месяц,9
215662,предыдцщий_месяц,7
215663,текущий_месяц,6
215663,предыдцщий_месяц,5
215664,текущий_месяц,11
215664,предыдцщий_месяц,8
215665,предыдцщий_месяц,11
215665,текущий_месяц,10
215666,предыдцщий_месяц,6
215666,текущий_месяц,10
215667,текущий_месяц,8
215667,предыдцщий_месяц,8
215668,предыдцщий_месяц,6
215668,текущий_месяц,9
215669,текущий_месяц,11
215669,предыдцщий_месяц,8
215670,предыдцщий_месяц,9
215670,текущий_месяц,11
215671,текущий_месяц,8
215671,предыдцщий_месяц,7
215672,текущий_месяц,12
215672,предыдцщий_месяц,9
215673,предыдцщий_месяц,8
215673,текущий_месяц,11
215674,предыдцщий_месяц,11
215674,текущий_месяц,11
215675,текущий_месяц,14
215675,предыдцщий_месяц,13
215676,предыдцщий_месяц,11
215676,текущий_месяц,16
215677,текущий_месяц,16
215677,предыдцщий_месяц,17
215678,текущий_месяц,16
215678,предыдцщий_месяц,19
215679,текущий_месяц,18
215679,предыдцщий_месяц,18
215680,предыдцщий_месяц,11
215680,текущий_месяц,12
215681,предыдцщий_месяц,15
215681,текущий_месяц,19
215682,предыдцщий_месяц,11
215682,текущий_месяц,13
215683,текущий_месяц,14
215683,предыдцщий_месяц,22
215684,текущий_месяц,22
215684,предыдцщий_месяц,18
215685,текущий_месяц,12
215685,предыдцщий_месяц,11
215686,текущий_месяц,9
215686,предыдцщий_месяц,13
215687,текущий_месяц,12
215687,предыдцщий_месяц,17
215688,текущий_месяц,11
215688,предыдцщий_месяц,18
215689,текущий_месяц,18
215689,предыдцщий_месяц,11
215690,текущий_месяц,14
215690,предыдцщий_месяц,13
215691,текущий_месяц,20
215691,предыдцщий_месяц,18
215692,текущий_месяц,8
215692,предыдцщий_месяц,17
215693,текущий_месяц,6
215693,предыдцщий_месяц,16
215694,текущий_месяц,19
215694,предыдцщий_месяц,18
215695,текущий_месяц,20
215695,предыдцщий_месяц,18
215696,предыдцщий_месяц,16
215696,текущий_месяц,11
215697,предыдцщий_месяц,7
215697,текущий_месяц,10
215698,предыдцщий_месяц,12
215698,текущий_месяц,10
215699,текущий_месяц,14
215699,предыдцщий_месяц,12
215700,текущий_месяц,8
215700,предыдцщий_месяц,10
215701,предыдцщий_месяц,9
215701,текущий_месяц,7
215702,предыдцщий_месяц,8
215702,текущий_месяц,7
215703,предыдцщий_месяц,8
215703,текущий_месяц,6
215704,предыдцщий_месяц,9
215704,текущий_месяц,12
215705,предыдцщий_месяц,10
215705,текущий_месяц,7
215706,текущий_месяц,13
215706,предыдцщий_месяц,10
215707,предыдцщий_месяц,9
215707,текущий_месяц,4
215708,текущий_месяц,10
215708,предыдцщий_месяц,10
215709,текущий_месяц,10
215709,предыдцщий_месяц,12
215710,предыдцщий_месяц,7
215710,текущий_месяц,14
215711,предыдцщий_месяц,7
215711,текущий_месяц,9
215712,текущий_месяц,10
215712,предыдцщий_месяц,12
215713,текущий_месяц,14
215713,предыдцщий_месяц,12
215714,предыдцщий_месяц,13
215714,текущий_месяц,9
215715,предыдцщий_месяц,10
215715,текущий_месяц,10
215716,текущий_месяц,14
215716,предыдцщий_месяц,13
215717,предыдцщий_месяц,8
215717,текущий_месяц,8
215718,текущий_месяц,9
215718,предыдцщий_месяц,8
215719,предыдцщий_месяц,10
215719,текущий_месяц,11
215720,текущий_месяц,7
215720,предыдцщий_месяц,8
215721,предыдцщий_месяц,6
215721,текущий_месяц,10
215722,предыдцщий_месяц,10
215722,текущий_месяц,9
215723,текущий_месяц,11
215723,предыдцщий_месяц,8
215724,текущий_месяц,11
215724,предыдцщий_месяц,10
215725,предыдцщий_месяц,10
215725,текущий_месяц,14
215726,предыдцщий_месяц,8
215726,текущий_месяц,7
215727,предыдцщий_месяц,9
215727,текущий_месяц,12
215728,предыдцщий_месяц,11
215728,текущий_месяц,9
215729,текущий_месяц,11
215729,предыдцщий_месяц,9
215730,текущий_месяц,8
215730,предыдцщий_месяц,10
215731,текущий_месяц,11
215731,предыдцщий_месяц,9
215732,предыдцщий_месяц,16
215732,текущий_месяц,11
215733,предыдцщий_месяц,9
215733,текущий_месяц,14
215734,текущий_месяц,11
215734,предыдцщий_месяц,5
215735,предыдцщий_месяц,11
215735,текущий_месяц,9
215736,предыдцщий_месяц,8
215736,текущий_месяц,11
215737,предыдцщий_месяц,9
215737,текущий_месяц,10
215738,текущий_месяц,7
215738,предыдцщий_месяц,9
215739,предыдцщий_месяц,9
215739,текущий_месяц,9
215740,предыдцщий_месяц,13
215740,текущий_месяц,7
215741,текущий_месяц,14
215741,предыдцщий_месяц,10
215742,текущий_месяц,10
215742,предыдцщий_месяц,13
215743,предыдцщий_месяц,11
215743,текущий_месяц,8
215744,предыдцщий_месяц,6
215744,текущий_месяц,9
215745,текущий_месяц,9
215745,предыдцщий_месяц,9
215746,текущий_месяц,9
215746,предыдцщий_месяц,10
215747,текущий_месяц,10
215747,предыдцщий_месяц,10
215748,предыдцщий_месяц,13
215748,текущий_месяц,13
215749,предыдцщий_месяц,14
215749,текущий_месяц,17
215750,предыдцщий_месяц,13
215750,текущий_месяц,14
215751,предыдцщий_месяц,14
215751,текущий_месяц,12
215752,предыдцщий_месяц,13
215752,текущий_месяц,8
215753,предыдцщий_месяц,15
215753,текущий_месяц,15
215754,предыдцщий_месяц,7
215754,текущий_месяц,12
215755,текущий_месяц,7
215755,предыдцщий_месяц,19
215756,предыдцщий_месяц,18
215756,текущий_месяц,17
215757,предыдцщий_месяц,18
215757,текущий_месяц,18
215758,текущий_месяц,12
215758,предыдцщий_месяц,14
215759,текущий_месяц,12
215759,предыдцщий_месяц,20
215760,предыдцщий_месяц,14
215760,текущий_месяц,14
215761,предыдцщий_месяц,12
215761,текущий_месяц,18
215762,предыдцщий_месяц,18
215762,текущий_месяц,12
215763,предыдцщий_месяц,12
215763,текущий_месяц,14
215764,текущий_месяц,5
215764,предыдцщий_месяц,15
215765,текущий_месяц,17
215765,предыдцщий_месяц,18
215766,текущий_месяц,20
215766,предыдцщий_месяц,12
215767,текущий_месяц,18
215767,предыдцщий_месяц,14
215768,предыдцщий_месяц,17
215768,текущий_месяц,9
215769,текущий_месяц,9
215769,предыдцщий_месяц,12
215770,предыдцщий_месяц,20
215770,текущий_месяц,14
215771,предыдцщий_месяц,13
215771,текущий_месяц,22
215772,текущий_месяц,17
215772,предыдцщий_месяц,15
215773,предыдцщий_месяц,13
215773,текущий_месяц,16
215774,предыдцщий_месяц,16
215774,текущий_месяц,16
215775,текущий_месяц,16
215775,предыдцщий_месяц,19
215776,текущий_месяц,11
215776,предыдцщий_месяц,15
215777,предыдцщий_месяц,14
215777,текущий_месяц,20
215778,предыдцщий_месяц,20
215778,текущий_месяц,19
215779,текущий_месяц,15
215779,предыдцщий_месяц,19
215780,текущий_месяц,21
215780,предыдцщий_месяц,12
215781,предыдцщий_месяц,14
215781,текущий_месяц,16
215782,предыдцщий_месяц,12
215782,текущий_месяц,10
215783,предыдцщий_месяц,21
215783,текущий_месяц,8
215784,предыдцщий_месяц,21
215784,текущий_месяц,14
215785,текущий_месяц,16
215785,предыдцщий_месяц,17
215786,предыдцщий_месяц,11
215786,текущий_месяц,8
215787,текущий_месяц,14
215787,предыдцщий_месяц,13
215788,предыдцщий_месяц,17
215788,текущий_месяц,19
215789,предыдцщий_месяц,16
215789,текущий_месяц,20
215790,текущий_месяц,16
215790,предыдцщий_месяц,10
215791,текущий_месяц,6
215791,предыдцщий_месяц,15
215792,текущий_месяц,17
215792,предыдцщий_месяц,17
215793,текущий_месяц,16
215793,предыдцщий_месяц,14
215794,текущий_месяц,18
215794,предыдцщий_месяц,16
215795,текущий_месяц,19
215795,предыдцщий_месяц,12
215796,текущий_месяц,16
215796,предыдцщий_месяц,16
215797,предыдцщий_месяц,14
215797,текущий_месяц,17
215798,предыдцщий_месяц,15
215798,текущий_месяц,16
215799,текущий_месяц,16
215799,предыдцщий_месяц,11
215800,текущий_месяц,14
215800,предыдцщий_месяц,11
215801,текущий_месяц,9
215801,предыдцщий_месяц,12
215802,текущий_месяц,20
215802,предыдцщий_месяц,11
215803,предыдцщий_месяц,9
215803,текущий_месяц,22
215804,предыдцщий_месяц,17
215804,текущий_месяц,14
215805,предыдцщий_месяц,12
215805,текущий_месяц,16
215806,предыдцщий_месяц,16
215806,текущий_месяц,7
215807,предыдцщий_месяц,14
215807,текущий_месяц,18
215808,текущий_месяц,5
215808,предыдцщий_месяц,17
215809,текущий_месяц,13
215809,предыдцщий_месяц,19
215810,предыдцщий_месяц,16
215810,текущий_месяц,10
215811,текущий_месяц,21
215811,предыдцщий_месяц,23
215812,предыдцщий_месяц,9
215812,текущий_месяц,10
215813,предыдцщий_месяц,15
215813,текущий_месяц,20
215814,предыдцщий_месяц,19
215814,текущий_месяц,10
215815,текущий_месяц,11
215815,предыдцщий_месяц,13
215816,предыдцщий_месяц,12
215816,текущий_месяц,19
215817,текущий_месяц,10
215817,предыдцщий_месяц,16
215818,предыдцщий_месяц,16
215818,текущий_месяц,13
215819,текущий_месяц,9
215819,предыдцщий_месяц,10
215820,текущий_месяц,14
215820,предыдцщий_месяц,18
215821,текущий_месяц,15
215821,предыдцщий_месяц,20
215822,текущий_месяц,15
215822,предыдцщий_месяц,14
215823,текущий_месяц,15
215823,предыдцщий_месяц,21
215824,текущий_месяц,12
215824,предыдцщий_месяц,15
215825,текущий_месяц,15
215825,предыдцщий_месяц,17
215826,текущий_месяц,20
215826,предыдцщий_месяц,17
215827,предыдцщий_месяц,21
215827,текущий_месяц,11
215828,текущий_месяц,14
215828,предыдцщий_месяц,10
215829,предыдцщий_месяц,14
215829,текущий_месяц,19
215830,предыдцщий_месяц,19
215830,текущий_месяц,8
215831,текущий_месяц,18
215831,предыдцщий_месяц,17
215832,предыдцщий_месяц,14
215832,текущий_месяц,10
215833,предыдцщий_месяц,14
215833,текущий_месяц,19
215834,предыдцщий_месяц,15
215834,текущий_месяц,13
215835,предыдцщий_месяц,21
215835,текущий_месяц,14
215836,предыдцщий_месяц,12
215836,текущий_месяц,10
215837,предыдцщий_месяц,15
215837,текущий_месяц,18
215838,текущий_месяц,13
215838,предыдцщий_месяц,17
215839,предыдцщий_месяц,13
215839,текущий_месяц,13
215840,текущий_месяц,22
215840,предыдцщий_месяц,17
215841,предыдцщий_месяц,9
215841,текущий_месяц,12
215842,текущий_месяц,10
215842,предыдцщий_месяц,8
215843,текущий_месяц,9
215843,предыдцщий_месяц,14
215844,предыдцщий_месяц,9
215844,текущий_месяц,14
215845,текущий_месяц,18
215845,предыдцщий_месяц,10
215846,предыдцщий_месяц,17
215846,текущий_месяц,14
215847,предыдцщий_месяц,18
215847,текущий_месяц,8
215848,текущий_месяц,11
215848,предыдцщий_месяц,18
215849,текущий_месяц,15
215849,предыдцщий_месяц,18
215850,текущий_месяц,16
215850,предыдцщий_месяц,19
215851,предыдцщий_месяц,17
215851,текущий_месяц,11
215852,текущий_месяц,7
215852,предыдцщий_месяц,14
215853,текущий_месяц,14
215853,предыдцщий_месяц,7
215854,текущий_месяц,8
215854,предыдцщий_месяц,12
215855,текущий_месяц,8
215855,предыдцщий_месяц,21
215856,текущий_месяц,20
215856,предыдцщий_месяц,13
215857,предыдцщий_месяц,19
215857,текущий_месяц,14
215858,текущий_месяц,6
215858,предыдцщий_месяц,20
215859,предыдцщий_месяц,14
215859,текущий_месяц,23
215860,предыдцщий_месяц,18
215860,текущий_месяц,19
215861,текущий_месяц,14
215861,предыдцщий_месяц,8
215862,предыдцщий_месяц,12
215862,текущий_месяц,21
215863,текущий_месяц,20
215863,предыдцщий_месяц,18
215864,текущий_месяц,12
215864,предыдцщий_месяц,11
215865,текущий_месяц,11
215865,предыдцщий_месяц,11
215866,предыдцщий_месяц,17
215866,текущий_месяц,20
215867,текущий_месяц,14
215867,предыдцщий_месяц,13
215868,предыдцщий_месяц,17
215868,текущий_месяц,16
215869,текущий_месяц,19
215869,предыдцщий_месяц,16
215870,предыдцщий_месяц,18
215870,текущий_месяц,11
215871,предыдцщий_месяц,14
215871,текущий_месяц,21
215872,текущий_месяц,7
215872,предыдцщий_месяц,16
215873,текущий_месяц,17
215873,предыдцщий_месяц,16
215874,текущий_месяц,13
215874,предыдцщий_месяц,14
215875,текущий_месяц,18
215875,предыдцщий_месяц,9
215876,предыдцщий_месяц,14
215876,текущий_месяц,14
215877,предыдцщий_месяц,16
215877,текущий_месяц,19
215878,текущий_месяц,10
215878,предыдцщий_месяц,13
215879,текущий_месяц,13
215879,предыдцщий_месяц,22
215880,предыдцщий_месяц,15
215880,текущий_месяц,11
215881,предыдцщий_месяц,17
215881,текущий_месяц,13
215882,предыдцщий_месяц,15
215882,текущий_месяц,14
215883,текущий_месяц,6
215883,предыдцщий_месяц,18
215884,предыдцщий_месяц,13
215884,текущий_месяц,10
215885,текущий_месяц,14
215885,предыдцщий_месяц,13
215886,текущий_месяц,16
215886,предыдцщий_месяц,11
215887,текущий_месяц,16
215887,предыдцщий_месяц,17
215888,текущий_месяц,16
215888,предыдцщий_месяц,19
215889,предыдцщий_месяц,18
215889,текущий_месяц,18
215890,текущий_месяц,12
215890,предыдцщий_месяц,11
215891,текущий_месяц,19
215891,предыдцщий_месяц,15
215892,текущий_месяц,13
215892,предыдцщий_месяц,11
215893,текущий_месяц,14
215893,предыдцщий_месяц,22
215894,текущий_месяц,22
215894,предыдцщий_месяц,18
215895,текущий_месяц,12
215895,предыдцщий_месяц,11
215896,предыдцщий_месяц,13
215896,текущий_месяц,9
215897,предыдцщий_месяц,17
215897,текущий_месяц,12
215898,текущий_месяц,11
215898,предыдцщий_месяц,18
215899,предыдцщий_месяц,11
215899,текущий_месяц,18
215900,предыдцщий_месяц,13
215900,текущий_месяц,14
215901,текущий_месяц,20
215901,предыдцщий_месяц,18
215902,предыдцщий_месяц,17
215902,текущий_месяц,8
215903,текущий_месяц,6
215903,предыдцщий_месяц,16
215904,предыдцщий_месяц,18
215904,текущий_месяц,19
215905,предыдцщий_месяц,18
215905,текущий_месяц,20
215906,текущий_месяц,14
215906,предыдцщий_месяц,13
215907,предыдцщий_месяц,14
215907,текущий_месяц,11
215908,предыдцщий_месяц,10
215908,текущий_месяц,12
215909,предыдцщий_месяц,19
215909,текущий_месяц,14
215910,текущий_месяц,17
215910,предыдцщий_месяц,11
215911,текущий_месяц,14
215911,предыдцщий_месяц,18
215912,текущий_месяц,13
215912,предыдцщий_месяц,12
215913,текущий_месяц,12
215913,предыдцщий_месяц,16
215914,текущий_месяц,15
215914,предыдцщий_месяц,13
215915,текущий_месяц,16
215915,предыдцщий_месяц,15
215916,текущий_месяц,12
215916,предыдцщий_месяц,18
215917,текущий_месяц,14
215917,предыдцщий_месяц,10
215918,текущий_месяц,16
215918,предыдцщий_месяц,15
215919,текущий_месяц,17
215919,предыдцщий_месяц,17
215920,текущий_месяц,11
215920,предыдцщий_месяц,14
215921,предыдцщий_месяц,20
215921,текущий_месяц,12
215922,предыдцщий_месяц,14
215922,текущий_месяц,9
215923,текущий_месяц,14
215923,предыдцщий_месяц,11
215924,текущий_месяц,14
215924,предыдцщий_месяц,13
215925,текущий_месяц,12
215925,предыдцщий_месяц,23
215926,предыдцщий_месяц,18
215926,текущий_месяц,12
215927,текущий_месяц,9
215927,предыдцщий_месяц,17
215928,предыдцщий_месяц,18
215928,текущий_месяц,12
215929,текущий_месяц,19
215929,предыдцщий_месяц,15
215930,текущий_месяц,21
215930,предыдцщий_месяц,12
215931,текущий_месяц,9
215931,предыдцщий_месяц,11
215932,текущий_месяц,6
215932,предыдцщий_месяц,11
215933,предыдцщий_месяц,11
215933,текущий_месяц,10
215934,предыдцщий_месяц,15
215934,текущий_месяц,18
215935,предыдцщий_месяц,15
215935,текущий_месяц,19
215936,текущий_месяц,17
215936,предыдцщий_месяц,17
215937,предыдцщий_месяц,10
215937,текущий_месяц,16
215938,предыдцщий_месяц,15
215938,текущий_месяц,13
215939,предыдцщий_месяц,15
215939,текущий_месяц,22
215940,предыдцщий_месяц,13
215940,текущий_месяц,18
215941,текущий_месяц,18
215941,предыдцщий_месяц,21
215942,текущий_месяц,19
215942,предыдцщий_месяц,15
215943,предыдцщий_месяц,15
215943,текущий_месяц,14
215944,текущий_месяц,16
215944,предыдцщий_месяц,19
215945,текущий_месяц,23
215945,предыдцщий_месяц,19
215946,текущий_месяц,14
215946,предыдцщий_месяц,14
215947,текущий_месяц,13
215947,предыдцщий_месяц,14
215948,текущий_месяц,12
215948,предыдцщий_месяц,12
215949,предыдцщий_месяц,12
215949,текущий_месяц,18
215950,предыдцщий_месяц,11
215950,текущий_месяц,13
215951,предыдцщий_месяц,13
215951,текущий_месяц,18
215952,текущий_месяц,13
215952,предыдцщий_месяц,13
215953,предыдцщий_месяц,17
215953,текущий_месяц,16
215954,текущий_месяц,20
215954,предыдцщий_месяц,20
215955,предыдцщий_месяц,13
215955,текущий_месяц,15
215956,предыдцщий_месяц,17
215956,текущий_месяц,14
215957,предыдцщий_месяц,16
215957,текущий_месяц,21
215958,предыдцщий_месяц,17
215958,текущий_месяц,13
215959,предыдцщий_месяц,13
215959,текущий_месяц,11
215960,предыдцщий_месяц,13
215960,текущий_месяц,8
215961,предыдцщий_месяц,12
215961,текущий_месяц,19
215962,текущий_месяц,12
215962,предыдцщий_месяц,19
215963,предыдцщий_месяц,17
215963,текущий_месяц,17
215964,предыдцщий_месяц,19
215964,текущий_месяц,11
215965,текущий_месяц,18
215965,предыдцщий_месяц,16
215966,текущий_месяц,12
215966,предыдцщий_месяц,14
215967,текущий_месяц,22
215967,предыдцщий_месяц,8
215968,предыдцщий_месяц,13
215968,текущий_месяц,19
215969,предыдцщий_месяц,12
215969,текущий_месяц,10
215970,текущий_месяц,14
215970,предыдцщий_месяц,12
215971,текущий_месяц,14
215971,предыдцщий_месяц,17
215972,текущий_месяц,20
215972,предыдцщий_месяц,23
215973,текущий_месяц,16
215973,предыдцщий_месяц,17
215974,предыдцщий_месяц,19
215974,текущий_месяц,7
215975,предыдцщий_месяц,19
215975,текущий_месяц,18
215976,текущий_месяц,14
215976,предыдцщий_месяц,19
215977,предыдцщий_месяц,14
215977,текущий_месяц,9
215978,текущий_месяц,15
215978,предыдцщий_месяц,15
215979,текущий_месяц,12
215979,предыдцщий_месяц,19
215980,предыдцщий_месяц,13
215980,текущий_месяц,12
215981,предыдцщий_месяц,14
215981,текущий_месяц,15
215982,текущий_месяц,19
215982,предыдцщий_месяц,19
215983,текущий_месяц,7
215983,предыдцщий_месяц,13
215984,текущий_месяц,14
215984,предыдцщий_месяц,15
215985,текущий_месяц,11
215985,предыдцщий_месяц,12
215986,текущий_месяц,10
215986,предыдцщий_месяц,17
215987,предыдцщий_месяц,14
215987,текущий_месяц,15
215988,предыдцщий_месяц,16
215988,текущий_месяц,19
215989,предыдцщий_месяц,20
215989,текущий_месяц,20
215990,предыдцщий_месяц,13
215990,текущий_месяц,16
215991,предыдцщий_месяц,17
215991,текущий_месяц,20
215992,предыдцщий_месяц,10
215992,текущий_месяц,19
215993,текущий_месяц,16
215993,предыдцщий_месяц,18
215994,текущий_месяц,10
215994,предыдцщий_месяц,15
215995,текущий_месяц,11
215995,предыдцщий_месяц,20
215996,предыдцщий_месяц,11
215996,текущий_месяц,22
215997,предыдцщий_месяц,21
215997,текущий_месяц,15
215998,предыдцщий_месяц,12
215998,текущий_месяц,21
215999,предыдцщий_месяц,14
215999,текущий_месяц,11
216000,текущий_месяц,14
216000,предыдцщий_месяц,15
216001,текущий_месяц,13
216001,предыдцщий_месяц,12
216002,предыдцщий_месяц,18
216002,текущий_месяц,19
216003,предыдцщий_месяц,17
216003,текущий_месяц,23
216004,предыдцщий_месяц,20
216004,текущий_месяц,17
216005,предыдцщий_месяц,17
216005,текущий_месяц,13
216006,текущий_месяц,11
216006,предыдцщий_месяц,15
216007,текущий_месяц,4
216007,предыдцщий_месяц,12
216008,текущий_месяц,8
216008,предыдцщий_месяц,8
216009,текущий_месяц,17
216009,предыдцщий_месяц,13
216010,предыдцщий_месяц,17
216010,текущий_месяц,10
216011,предыдцщий_месяц,12
216011,текущий_месяц,10
216012,текущий_месяц,18
216012,предыдцщий_месяц,13
216013,предыдцщий_месяц,13
216013,текущий_месяц,13
216014,текущий_месяц,16
216014,предыдцщий_месяц,19
216015,текущий_месяц,19
216015,предыдцщий_месяц,15
216016,предыдцщий_месяц,17
216016,текущий_месяц,12
216017,текущий_месяц,10
216017,предыдцщий_месяц,16
216018,текущий_месяц,11
216018,предыдцщий_месяц,18
216019,текущий_месяц,16
216019,предыдцщий_месяц,15
216020,текущий_месяц,15
216020,предыдцщий_месяц,8
216021,текущий_месяц,8
216021,предыдцщий_месяц,16
216022,текущий_месяц,11
216022,предыдцщий_месяц,18
216023,текущий_месяц,15
216023,предыдцщий_месяц,16
216024,текущий_месяц,14
216024,предыдцщий_месяц,20
216025,текущий_месяц,12
216025,предыдцщий_месяц,8
216026,текущий_месяц,15
216026,предыдцщий_месяц,14
216027,предыдцщий_месяц,20
216027,текущий_месяц,21
216028,предыдцщий_месяц,10
216028,текущий_месяц,20
216029,предыдцщий_месяц,17
216029,текущий_месяц,15
216030,предыдцщий_месяц,15
216030,текущий_месяц,14
216031,предыдцщий_месяц,20
216031,текущий_месяц,11
216032,предыдцщий_месяц,19
216032,текущий_месяц,19
216033,текущий_месяц,16
216033,предыдцщий_месяц,15
216034,текущий_месяц,14
216034,предыдцщий_месяц,15
216035,предыдцщий_месяц,16
216035,текущий_месяц,13
216036,текущий_месяц,9
216036,предыдцщий_месяц,14
216037,текущий_месяц,18
216037,предыдцщий_месяц,8
216038,предыдцщий_месяц,18
216038,текущий_месяц,11
216039,предыдцщий_месяц,16
216039,текущий_месяц,17
216040,предыдцщий_месяц,14
216040,текущий_месяц,6
216041,текущий_месяц,8
216041,предыдцщий_месяц,13
216042,предыдцщий_месяц,17
216042,текущий_месяц,17
216043,текущий_месяц,12
216043,предыдцщий_месяц,17
216044,предыдцщий_месяц,16
216044,текущий_месяц,13
216045,предыдцщий_месяц,13
216045,текущий_месяц,11
216046,предыдцщий_месяц,21
216046,текущий_месяц,20
216047,предыдцщий_месяц,16
216047,текущий_месяц,18
216048,текущий_месяц,20
216048,предыдцщий_месяц,15
216049,предыдцщий_месяц,15
216049,текущий_месяц,16
216050,предыдцщий_месяц,14
216050,текущий_месяц,16
216051,предыдцщий_месяц,18
216051,текущий_месяц,14
216052,текущий_месяц,18
216052,предыдцщий_месяц,12
216053,текущий_месяц,19
216053,предыдцщий_месяц,12
216054,текущий_месяц,11
216054,предыдцщий_месяц,15
216055,текущий_месяц,9
216055,предыдцщий_месяц,16
216056,предыдцщий_месяц,10
216056,текущий_месяц,16
216057,предыдцщий_месяц,8
216057,текущий_месяц,8
216058,текущий_месяц,14
216058,предыдцщий_месяц,12
216059,текущий_месяц,6
216059,предыдцщий_месяц,15
216060,текущий_месяц,14
216060,предыдцщий_месяц,19
216061,текущий_месяц,15
216061,предыдцщий_месяц,10
216062,предыдцщий_месяц,13
216062,текущий_месяц,9
216063,предыдцщий_месяц,15
216063,текущий_месяц,22
216064,текущий_месяц,18
216064,предыдцщий_месяц,20
216065,предыдцщий_месяц,14
216065,текущий_месяц,12
216066,предыдцщий_месяц,12
216066,текущий_месяц,9
216067,предыдцщий_месяц,18
216067,текущий_месяц,14
216068,предыдцщий_месяц,17
216068,текущий_месяц,9
216069,предыдцщий_месяц,18
216069,текущий_месяц,11
216070,предыдцщий_месяц,19
216070,текущий_месяц,21
216071,предыдцщий_месяц,16
216071,текущий_месяц,11
216072,текущий_месяц,15
216072,предыдцщий_месяц,9
216073,предыдцщий_месяц,9
216073,текущий_месяц,20
216074,предыдцщий_месяц,18
216074,текущий_месяц,12
216075,предыдцщий_месяц,19
216075,текущий_месяц,17
216076,предыдцщий_месяц,15
216076,текущий_месяц,14
216077,предыдцщий_месяц,11
216077,текущий_месяц,13
216078,предыдцщий_месяц,12
216078,текущий_месяц,21
216079,предыдцщий_месяц,16
216079,текущий_месяц,10
216080,предыдцщий_месяц,12
216080,текущий_месяц,18
216081,предыдцщий_месяц,18
216081,текущий_месяц,10
216082,предыдцщий_месяц,14
216082,текущий_месяц,14
216083,предыдцщий_месяц,20
216083,текущий_месяц,11
216084,предыдцщий_месяц,15
216084,текущий_месяц,17
216085,предыдцщий_месяц,11
216085,текущий_месяц,15
216086,предыдцщий_месяц,16
216086,текущий_месяц,15
216087,предыдцщий_месяц,14
216087,текущий_месяц,13
216088,текущий_месяц,21
216088,предыдцщий_месяц,15
216089,текущий_месяц,6
216089,предыдцщий_месяц,7
216090,предыдцщий_месяц,10
216090,текущий_месяц,18
216091,текущий_месяц,13
216091,предыдцщий_месяц,12
216092,текущий_месяц,20
216092,предыдцщий_месяц,17
216093,текущий_месяц,15
216093,предыдцщий_месяц,20
216094,текущий_месяц,14
216094,предыдцщий_месяц,12
216095,текущий_месяц,14
216095,предыдцщий_месяц,17
216096,текущий_месяц,14
216096,предыдцщий_месяц,19
216097,текущий_месяц,6
216097,предыдцщий_месяц,15
216098,предыдцщий_месяц,15
216098,текущий_месяц,13
216099,предыдцщий_месяц,20
216099,текущий_месяц,14
216100,текущий_месяц,12
216100,предыдцщий_месяц,11
216101,текущий_месяц,11
216101,предыдцщий_месяц,15
216102,предыдцщий_месяц,15
216102,текущий_месяц,22
216103,текущий_месяц,12
216103,предыдцщий_месяц,15
216104,предыдцщий_месяц,14
216104,текущий_месяц,17
216105,предыдцщий_месяц,11
216105,текущий_месяц,13
216106,текущий_месяц,12
216106,предыдцщий_месяц,14
216107,предыдцщий_месяц,11
216107,текущий_месяц,15
216108,предыдцщий_месяц,20
216108,текущий_месяц,20
216109,предыдцщий_месяц,12
216109,текущий_месяц,13
216110,текущий_месяц,12
216110,предыдцщий_месяц,18
216111,предыдцщий_месяц,15
216111,текущий_месяц,7
216112,предыдцщий_месяц,15
216112,текущий_месяц,15
216113,текущий_месяц,20
216113,предыдцщий_месяц,12
216114,текущий_месяц,12
216114,предыдцщий_месяц,20
216115,текущий_месяц,9
216115,предыдцщий_месяц,11
216116,текущий_месяц,20
216116,предыдцщий_месяц,15
216117,текущий_месяц,9
216117,предыдцщий_месяц,20
216118,текущий_месяц,14
216118,предыдцщий_месяц,11
216119,текущий_месяц,8
216119,предыдцщий_месяц,12
216120,предыдцщий_месяц,18
216120,текущий_месяц,13
216121,предыдцщий_месяц,18
216121,текущий_месяц,12
216122,предыдцщий_месяц,11
216122,текущий_месяц,13
216123,текущий_месяц,11
216123,предыдцщий_месяц,14
216124,предыдцщий_месяц,13
216124,текущий_месяц,18
216125,текущий_месяц,16
216125,предыдцщий_месяц,20
216126,предыдцщий_месяц,18
216126,текущий_месяц,10
216127,текущий_месяц,17
216127,предыдцщий_месяц,11
216128,предыдцщий_месяц,12
216128,текущий_месяц,17
216129,текущий_месяц,13
216129,предыдцщий_месяц,20
216130,текущий_месяц,20
216130,предыдцщий_месяц,18
216131,текущий_месяц,23
216131,предыдцщий_месяц,12
216132,текущий_месяц,11
216132,предыдцщий_месяц,9
216133,предыдцщий_месяц,19
216133,текущий_месяц,12
216134,текущий_месяц,19
216134,предыдцщий_месяц,8
216135,текущий_месяц,15
216135,предыдцщий_месяц,8
216136,предыдцщий_месяц,16
216136,текущий_месяц,13
216137,предыдцщий_месяц,10
216137,текущий_месяц,12
216138,текущий_месяц,12
216138,предыдцщий_месяц,20
216139,текущий_месяц,18
216139,предыдцщий_месяц,14
216140,текущий_месяц,18
216140,предыдцщий_месяц,10
216141,предыдцщий_месяц,14
216141,текущий_месяц,10
216142,текущий_месяц,16
216142,предыдцщий_месяц,13
216143,текущий_месяц,12
216143,предыдцщий_месяц,18
216144,предыдцщий_месяц,19
216144,текущий_месяц,11
216145,текущий_месяц,17
216145,предыдцщий_месяц,17
216146,текущий_месяц,12
216146,предыдцщий_месяц,11
216147,текущий_месяц,10
216147,предыдцщий_месяц,10
216148,текущий_месяц,4
216148,предыдцщий_месяц,10
216149,предыдцщий_месяц,19
216149,текущий_месяц,17
216150,предыдцщий_месяц,10
216150,текущий_месяц,10
216151,предыдцщий_месяц,14
216151,текущий_месяц,13
216152,текущий_месяц,12
216152,предыдцщий_месяц,21
216153,текущий_месяц,17
216153,предыдцщий_месяц,12
216154,текущий_месяц,15
216154,предыдцщий_месяц,13
216155,текущий_месяц,21
216155,предыдцщий_месяц,20
216156,предыдцщий_месяц,12
216156,текущий_месяц,16
216157,предыдцщий_месяц,17
216157,текущий_месяц,22
216158,предыдцщий_месяц,12
216158,текущий_месяц,16
216159,текущий_месяц,21
216159,предыдцщий_месяц,9
216160,предыдцщий_месяц,13
216160,текущий_месяц,7
216161,текущий_месяц,17
216161,предыдцщий_месяц,16
216162,предыдцщий_месяц,13
216162,текущий_месяц,18
216163,текущий_месяц,9
216163,предыдцщий_месяц,17
216164,предыдцщий_месяц,20
216164,текущий_месяц,12
216165,предыдцщий_месяц,11
216165,текущий_месяц,11
216166,предыдцщий_месяц,13
216166,текущий_месяц,17
216167,предыдцщий_месяц,12
216167,текущий_месяц,20
216168,текущий_месяц,16
216168,предыдцщий_месяц,22
216169,текущий_месяц,18
216169,предыдцщий_месяц,13
216170,текущий_месяц,17
216170,предыдцщий_месяц,11
216171,предыдцщий_месяц,15
216171,текущий_месяц,12
216172,текущий_месяц,16
216172,предыдцщий_месяц,16
216173,предыдцщий_месяц,16
216173,текущий_месяц,8
216174,текущий_месяц,20
216174,предыдцщий_месяц,13
216175,текущий_месяц,12
216175,предыдцщий_месяц,13
216176,текущий_месяц,9
216176,предыдцщий_месяц,18
216177,текущий_месяц,18
216177,предыдцщий_месяц,21
216178,текущий_месяц,14
216178,предыдцщий_месяц,19
216179,текущий_месяц,18
216179,предыдцщий_месяц,18
216180,текущий_месяц,19
216180,предыдцщий_месяц,12
216181,предыдцщий_месяц,19
216181,текущий_месяц,16
216182,текущий_месяц,6
216182,предыдцщий_месяц,14
216183,текущий_месяц,13
216183,предыдцщий_месяц,17
216184,предыдцщий_месяц,14
216184,текущий_месяц,13
216185,предыдцщий_месяц,10
216185,текущий_месяц,14
216186,текущий_месяц,17
216186,предыдцщий_месяц,11
216187,предыдцщий_месяц,14
216187,текущий_месяц,18
216188,предыдцщий_месяц,13
216188,текущий_месяц,15
216189,предыдцщий_месяц,17
216189,текущий_месяц,12
216190,предыдцщий_месяц,21
216190,текущий_месяц,19
216191,предыдцщий_месяц,16
216191,текущий_месяц,11
216192,предыдцщий_месяц,11
216192,текущий_месяц,9
216193,предыдцщий_месяц,14
216193,текущий_месяц,7
216194,предыдцщий_месяц,16
216194,текущий_месяц,20
216195,текущий_месяц,20
216195,предыдцщий_месяц,11
216196,предыдцщий_месяц,21
216196,текущий_месяц,15
216197,текущий_месяц,21
216197,предыдцщий_месяц,17
216198,текущий_месяц,15
216198,предыдцщий_месяц,9
216199,предыдцщий_месяц,15
216199,текущий_месяц,11
216200,текущий_месяц,22
216200,предыдцщий_месяц,15
216201,предыдцщий_месяц,15
216201,текущий_месяц,13
216202,предыдцщий_месяц,14
216202,текущий_месяц,21
216203,предыдцщий_месяц,18
216203,текущий_месяц,15
216204,предыдцщий_месяц,20
216204,текущий_месяц,11
216205,предыдцщий_месяц,16
216205,текущий_месяц,11
216206,предыдцщий_месяц,17
216206,текущий_месяц,9
216207,текущий_месяц,21
216207,предыдцщий_месяц,9
216208,текущий_месяц,20
216208,предыдцщий_месяц,19
216209,текущий_месяц,18
216209,предыдцщий_месяц,16
216210,предыдцщий_месяц,21
216210,текущий_месяц,15
216211,текущий_месяц,17
216211,предыдцщий_месяц,14
216212,предыдцщий_месяц,12
216212,текущий_месяц,17
216213,предыдцщий_месяц,15
216213,текущий_месяц,16
216214,предыдцщий_месяц,14
216214,текущий_месяц,16
216215,текущий_месяц,14
216215,предыдцщий_месяц,14
216216,текущий_месяц,14
216216,предыдцщий_месяц,15
216217,предыдцщий_месяц,14
216217,текущий_месяц,14
216218,предыдцщий_месяц,7
216218,текущий_месяц,12
216219,предыдцщий_месяц,13
216219,текущий_месяц,20
216220,предыдцщий_месяц,12
216220,текущий_месяц,16
216221,текущий_месяц,15
216221,предыдцщий_месяц,14
216222,предыдцщий_месяц,13
216222,текущий_месяц,12
216223,текущий_месяц,20
216223,предыдцщий_месяц,11
216224,текущий_месяц,14
216224,предыдцщий_месяц,19
216225,предыдцщий_месяц,12
216225,текущий_месяц,18
216226,предыдцщий_месяц,8
216226,текущий_месяц,12
216227,предыдцщий_месяц,12
216227,текущий_месяц,22
216228,текущий_месяц,18
216228,предыдцщий_месяц,16
216229,предыдцщий_месяц,16
216229,текущий_месяц,19
216230,текущий_месяц,8
216230,предыдцщий_месяц,18
216231,предыдцщий_месяц,15
216231,текущий_месяц,12
216232,текущий_месяц,19
216232,предыдцщий_месяц,11
216233,предыдцщий_месяц,15
216233,текущий_месяц,17
216234,предыдцщий_месяц,17
216234,текущий_месяц,15
216235,текущий_месяц,15
216235,предыдцщий_месяц,18
216236,текущий_месяц,10
216236,предыдцщий_месяц,14
216237,предыдцщий_месяц,17
216237,текущий_месяц,13
216238,предыдцщий_месяц,18
216238,текущий_месяц,16
216239,текущий_месяц,14
216239,предыдцщий_месяц,18
216240,текущий_месяц,15
216240,предыдцщий_месяц,22
216241,текущий_месяц,11
216241,предыдцщий_месяц,10
216242,текущий_месяц,14
216242,предыдцщий_месяц,13
216243,текущий_месяц,19
216243,предыдцщий_месяц,12
216244,текущий_месяц,16
216244,предыдцщий_месяц,12
216245,предыдцщий_месяц,18
216245,текущий_месяц,14
216246,предыдцщий_месяц,14
216246,текущий_месяц,12
216247,предыдцщий_месяц,17
216247,текущий_месяц,16
216248,текущий_месяц,18
216248,предыдцщий_месяц,12
216249,текущий_месяц,16
216249,предыдцщий_месяц,19
216250,текущий_месяц,15
216250,предыдцщий_месяц,19
216251,текущий_месяц,9
216251,предыдцщий_месяц,10
216252,текущий_месяц,16
216252,предыдцщий_месяц,11
216253,предыдцщий_месяц,14
216253,текущий_месяц,13
216254,текущий_месяц,16
216254,предыдцщий_месяц,15
216255,текущий_месяц,14
216255,предыдцщий_месяц,22
216256,текущий_месяц,9
216256,предыдцщий_месяц,13
216257,предыдцщий_месяц,19
216257,текущий_месяц,11
216258,предыдцщий_месяц,13
216258,текущий_месяц,15
216259,предыдцщий_месяц,15
216259,текущий_месяц,9
216260,текущий_месяц,18
216260,предыдцщий_месяц,21
216261,предыдцщий_месяц,15
216261,текущий_месяц,18
216262,текущий_месяц,15
216262,предыдцщий_месяц,15
216263,текущий_месяц,12
216263,предыдцщий_месяц,19
216264,текущий_месяц,11
216264,предыдцщий_месяц,17
216265,текущий_месяц,13
216265,предыдцщий_месяц,15
216266,текущий_месяц,18
216266,предыдцщий_месяц,18
216267,предыдцщий_месяц,13
216267,текущий_месяц,15
216268,предыдцщий_месяц,17
216268,текущий_месяц,16
216269,предыдцщий_месяц,18
216269,текущий_месяц,18
216270,текущий_месяц,12
216270,предыдцщий_месяц,14
216271,текущий_месяц,13
216271,предыдцщий_месяц,9
216272,предыдцщий_месяц,8
216272,текущий_месяц,14
216273,предыдцщий_месяц,17
216273,текущий_месяц,14
216274,предыдцщий_месяц,13
216274,текущий_месяц,18
216275,текущий_месяц,21
216275,предыдцщий_месяц,13
216276,предыдцщий_месяц,8
216276,текущий_месяц,16
216277,предыдцщий_месяц,9
216277,текущий_месяц,14
216278,предыдцщий_месяц,19
216278,текущий_месяц,16
216279,предыдцщий_месяц,19
216279,текущий_месяц,13
216280,предыдцщий_месяц,17
216280,текущий_месяц,9
216281,предыдцщий_месяц,10
216281,текущий_месяц,12
216282,предыдцщий_месяц,18
216282,текущий_месяц,21
216283,предыдцщий_месяц,16
216283,текущий_месяц,10
216284,предыдцщий_месяц,12
216284,текущий_месяц,16
216285,предыдцщий_месяц,14
216285,текущий_месяц,22
216286,текущий_месяц,6
216286,предыдцщий_месяц,15
216287,предыдцщий_месяц,14
216287,текущий_месяц,10
216288,предыдцщий_месяц,13
216288,текущий_месяц,16
216289,предыдцщий_месяц,12
216289,текущий_месяц,12
216290,предыдцщий_месяц,12
216290,текущий_месяц,12
216291,предыдцщий_месяц,12
216291,текущий_месяц,12
216292,предыдцщий_месяц,18
216292,текущий_месяц,8
216293,текущий_месяц,10
216293,предыдцщий_месяц,19
216294,текущий_месяц,19
216294,предыдцщий_месяц,15
216295,текущий_месяц,9
216295,предыдцщий_месяц,12
216296,текущий_месяц,13
216296,предыдцщий_месяц,10
216297,текущий_месяц,15
216297,предыдцщий_месяц,15
216298,предыдцщий_месяц,20
216298,текущий_месяц,14
216299,текущий_месяц,15
216299,предыдцщий_месяц,9
216300,текущий_месяц,16
216300,предыдцщий_месяц,14
216301,текущий_месяц,13
216301,предыдцщий_месяц,17
216302,текущий_месяц,18
216302,предыдцщий_месяц,15
216303,предыдцщий_месяц,20
216303,текущий_месяц,18
216304,текущий_месяц,11
216304,предыдцщий_месяц,20
216305,предыдцщий_месяц,17
216305,текущий_месяц,18
216306,предыдцщий_месяц,13
216306,текущий_месяц,7
216307,предыдцщий_месяц,20
216307,текущий_месяц,11
216308,предыдцщий_месяц,15
216308,текущий_месяц,16
216309,текущий_месяц,14
216309,предыдцщий_месяц,22
216310,текущий_месяц,14
216310,предыдцщий_месяц,18
216311,текущий_месяц,9
216311,предыдцщий_месяц,12
216312,текущий_месяц,14
216312,предыдцщий_месяц,17
216313,текущий_месяц,13
216313,предыдцщий_месяц,14
216314,текущий_месяц,8
216314,предыдцщий_месяц,10
216315,текущий_месяц,14
216315,предыдцщий_месяц,11
216316,текущий_месяц,19
216316,предыдцщий_месяц,14
216317,текущий_месяц,17
216317,предыдцщий_месяц,16
216318,предыдцщий_месяц,21
216318,текущий_месяц,16
216319,текущий_месяц,15
216319,предыдцщий_месяц,17
216320,предыдцщий_месяц,12
216320,текущий_месяц,17
216321,предыдцщий_месяц,10
216321,текущий_месяц,9
216322,предыдцщий_месяц,15
216322,текущий_месяц,17
216323,текущий_месяц,14
216323,предыдцщий_месяц,14
216324,предыдцщий_месяц,19
216324,текущий_месяц,20
216325,предыдцщий_месяц,16
216325,текущий_месяц,15
216326,текущий_месяц,16
216326,предыдцщий_месяц,15
216327,текущий_месяц,20
216327,предыдцщий_месяц,15
216328,текущий_месяц,19
216328,предыдцщий_месяц,20
216329,текущий_месяц,14
216329,предыдцщий_месяц,14
216330,текущий_месяц,13
216330,предыдцщий_месяц,14
216331,текущий_месяц,14
216331,предыдцщий_месяц,13
216332,предыдцщий_месяц,11
216332,текущий_месяц,18
216333,предыдцщий_месяц,19
216333,текущий_месяц,16
216334,текущий_месяц,17
216334,предыдцщий_месяц,15
216335,текущий_месяц,22
216335,предыдцщий_месяц,16
216336,текущий_месяц,22
216336,предыдцщий_месяц,17
216337,предыдцщий_месяц,13
216337,текущий_месяц,10
216338,текущий_месяц,12
216338,предыдцщий_месяц,13
216339,предыдцщий_месяц,18
216339,текущий_месяц,11
216340,предыдцщий_месяц,14
216340,текущий_месяц,22
216341,текущий_месяц,14
216341,предыдцщий_месяц,13
216342,текущий_месяц,16
216342,предыдцщий_месяц,14
216343,текущий_месяц,20
216343,предыдцщий_месяц,14
216344,текущий_месяц,9
216344,предыдцщий_месяц,17
216345,текущий_месяц,14
216345,предыдцщий_месяц,21
216346,предыдцщий_месяц,15
216346,текущий_месяц,10
216347,предыдцщий_месяц,21
216347,текущий_месяц,16
216348,текущий_месяц,14
216348,предыдцщий_месяц,16
216349,предыдцщий_месяц,13
216349,текущий_месяц,11
216350,текущий_месяц,16
216350,предыдцщий_месяц,16
216351,предыдцщий_месяц,11
216351,текущий_месяц,12
216352,текущий_месяц,13
216352,предыдцщий_месяц,19
216353,предыдцщий_месяц,9
216353,текущий_месяц,18
216354,предыдцщий_месяц,16
216354,текущий_месяц,20
216355,предыдцщий_месяц,20
216355,текущий_месяц,5
216356,предыдцщий_месяц,13
216356,текущий_месяц,6
216357,предыдцщий_месяц,16
216357,текущий_месяц,15
216358,текущий_месяц,17
216358,предыдцщий_месяц,17
216359,предыдцщий_месяц,15
216359,текущий_месяц,17
216360,предыдцщий_месяц,16
216360,текущий_месяц,13
216361,предыдцщий_месяц,18
216361,текущий_месяц,16
216362,текущий_месяц,17
216362,предыдцщий_месяц,14
216363,текущий_месяц,20
216363,предыдцщий_месяц,17
216364,предыдцщий_месяц,13
216364,текущий_месяц,12
216365,текущий_месяц,16
216365,предыдцщий_месяц,17
216366,предыдцщий_месяц,13
216366,текущий_месяц,14
216367,предыдцщий_месяц,19
216367,текущий_месяц,17
216368,предыдцщий_месяц,16
216368,текущий_месяц,19
216369,предыдцщий_месяц,16
216369,текущий_месяц,17
216370,текущий_месяц,10
216370,предыдцщий_месяц,15
216371,предыдцщий_месяц,14
216371,текущий_месяц,10
216372,предыдцщий_месяц,15
216372,текущий_месяц,14
216373,предыдцщий_месяц,10
216373,текущий_месяц,7
216374,предыдцщий_месяц,11
216374,текущий_месяц,13
216375,предыдцщий_месяц,12
216375,текущий_месяц,19
216376,текущий_месяц,20
216376,предыдцщий_месяц,14
216377,текущий_месяц,19
216377,предыдцщий_месяц,20
216378,текущий_месяц,16
216378,предыдцщий_месяц,14
216379,предыдцщий_месяц,13
216379,текущий_месяц,13
216380,текущий_месяц,11
216380,предыдцщий_месяц,9
216381,предыдцщий_месяц,13
216381,текущий_месяц,4
216382,текущий_месяц,21
216382,предыдцщий_месяц,19
216383,предыдцщий_месяц,19
216383,текущий_месяц,7
216384,текущий_месяц,17
216384,предыдцщий_месяц,9
216385,текущий_месяц,14
216385,предыдцщий_месяц,15
216386,текущий_месяц,19
216386,предыдцщий_месяц,16
216387,текущий_месяц,13
216387,предыдцщий_месяц,18
216388,текущий_месяц,12
216388,предыдцщий_месяц,20
216389,предыдцщий_месяц,17
216389,текущий_месяц,13
216390,текущий_месяц,12
216390,предыдцщий_месяц,11
216391,предыдцщий_месяц,11
216391,текущий_месяц,16
216392,предыдцщий_месяц,20
216392,текущий_месяц,9
216393,предыдцщий_месяц,17
216393,текущий_месяц,10
216394,текущий_месяц,15
216394,предыдцщий_месяц,12
216395,текущий_месяц,21
216395,предыдцщий_месяц,16
216396,текущий_месяц,17
216396,предыдцщий_месяц,14
216397,предыдцщий_месяц,14
216397,текущий_месяц,11
216398,текущий_месяц,19
216398,предыдцщий_месяц,15
216399,текущий_месяц,9
216399,предыдцщий_месяц,15
216400,предыдцщий_месяц,15
216400,текущий_месяц,21
216401,текущий_месяц,17
216401,предыдцщий_месяц,19
216402,текущий_месяц,14
216402,предыдцщий_месяц,18
216403,текущий_месяц,16
216403,предыдцщий_месяц,13
216404,текущий_месяц,22
216404,предыдцщий_месяц,13
216405,предыдцщий_месяц,17
216405,текущий_месяц,21
216406,предыдцщий_месяц,20
216406,текущий_месяц,15
216407,предыдцщий_месяц,13
216407,текущий_месяц,12
216408,текущий_месяц,22
216408,предыдцщий_месяц,16
216409,текущий_месяц,14
216409,предыдцщий_месяц,16
216410,текущий_месяц,23
216410,предыдцщий_месяц,21
216411,текущий_месяц,15
216411,предыдцщий_месяц,17
216412,предыдцщий_месяц,14
216412,текущий_месяц,16
216413,предыдцщий_месяц,11
216413,текущий_месяц,14
216414,текущий_месяц,14
216414,предыдцщий_месяц,11
216415,текущий_месяц,20
216415,предыдцщий_месяц,12
216416,текущий_месяц,18
216416,предыдцщий_месяц,15
216417,текущий_месяц,11
216417,предыдцщий_месяц,20
216418,предыдцщий_месяц,8
216418,текущий_месяц,17
216419,текущий_месяц,19
216419,предыдцщий_месяц,11
216420,текущий_месяц,17
216420,предыдцщий_месяц,12
216421,текущий_месяц,18
216421,предыдцщий_месяц,13
216422,предыдцщий_месяц,15
216422,текущий_месяц,17
216423,предыдцщий_месяц,20
216423,текущий_месяц,19
216424,предыдцщий_месяц,12
216424,текущий_месяц,12
216425,текущий_месяц,12
216425,предыдцщий_месяц,16
216426,предыдцщий_месяц,19
216426,текущий_месяц,14
216427,текущий_месяц,15
216427,предыдцщий_месяц,16
216428,предыдцщий_месяц,12
216428,текущий_месяц,16
216429,предыдцщий_месяц,14
216429,текущий_месяц,18
216430,текущий_месяц,12
216430,предыдцщий_месяц,17
216431,предыдцщий_месяц,18
216431,текущий_месяц,12
216432,предыдцщий_месяц,17
216432,текущий_месяц,14
216433,предыдцщий_месяц,9
216433,текущий_месяц,5
216434,предыдцщий_месяц,16
216434,текущий_месяц,17
216435,предыдцщий_месяц,11
216435,текущий_месяц,18
216436,текущий_месяц,10
216436,предыдцщий_месяц,21
216437,текущий_месяц,8
216437,предыдцщий_месяц,18
216438,предыдцщий_месяц,13
216438,текущий_месяц,14
216439,текущий_месяц,8
216439,предыдцщий_месяц,16
216440,текущий_месяц,13
216440,предыдцщий_месяц,21
216441,текущий_месяц,14
216441,предыдцщий_месяц,20
216442,текущий_месяц,20
216442,предыдцщий_месяц,13
216443,предыдцщий_месяц,21
216443,текущий_месяц,6
216444,предыдцщий_месяц,22
216444,текущий_месяц,14
216445,предыдцщий_месяц,18
216445,текущий_месяц,9
216446,предыдцщий_месяц,15
216446,текущий_месяц,20
216447,текущий_месяц,14
216447,предыдцщий_месяц,12
216448,текущий_месяц,13
216448,предыдцщий_месяц,12
216449,предыдцщий_месяц,16
216449,текущий_месяц,13
216450,предыдцщий_месяц,10
216450,текущий_месяц,7
216451,предыдцщий_месяц,12
216451,текущий_месяц,22
216452,предыдцщий_месяц,16
216452,текущий_месяц,14
216453,предыдцщий_месяц,18
216453,текущий_месяц,15
216454,текущий_месяц,22
216454,предыдцщий_месяц,19
216455,текущий_месяц,12
216455,предыдцщий_месяц,15
216456,текущий_месяц,16
216456,предыдцщий_месяц,20
216457,предыдцщий_месяц,16
216457,текущий_месяц,8
216458,предыдцщий_месяц,14
216458,текущий_месяц,11
216459,предыдцщий_месяц,16
216459,текущий_месяц,17
216460,текущий_месяц,22
216460,предыдцщий_месяц,15
216461,текущий_месяц,11
216461,предыдцщий_месяц,14
216462,предыдцщий_месяц,13
216462,текущий_месяц,5
216463,текущий_месяц,17
216463,предыдцщий_месяц,18
216464,предыдцщий_месяц,17
216464,текущий_месяц,12
216465,предыдцщий_месяц,18
216465,текущий_месяц,15
216466,предыдцщий_месяц,14
216466,текущий_месяц,15
216467,текущий_месяц,17
216467,предыдцщий_месяц,17
216468,текущий_месяц,17
216468,предыдцщий_месяц,12
216469,текущий_месяц,22
216469,предыдцщий_месяц,23
216470,предыдцщий_месяц,23
216470,текущий_месяц,18
216471,текущий_месяц,17
216471,предыдцщий_месяц,17
216472,текущий_месяц,10
216472,предыдцщий_месяц,16
216473,предыдцщий_месяц,20
216473,текущий_месяц,18
216474,предыдцщий_месяц,17
216474,текущий_месяц,16
216475,текущий_месяц,13
216475,предыдцщий_месяц,16
216476,предыдцщий_месяц,16
216476,текущий_месяц,11
216477,предыдцщий_месяц,14
216477,текущий_месяц,17
216478,текущий_месяц,13
216478,предыдцщий_месяц,15
216479,предыдцщий_месяц,20
216479,текущий_месяц,10
216480,текущий_месяц,20
216480,предыдцщий_месяц,16
216481,предыдцщий_месяц,16
216481,текущий_месяц,20
216482,текущий_месяц,9
216482,предыдцщий_месяц,10
216483,текущий_месяц,17
216483,предыдцщий_месяц,8
216484,текущий_месяц,13
216484,предыдцщий_месяц,19
216485,предыдцщий_месяц,17
216485,текущий_месяц,8
216486,текущий_месяц,11
216486,предыдцщий_месяц,14
216487,предыдцщий_месяц,19
216487,текущий_месяц,15
216488,предыдцщий_месяц,12
216488,текущий_месяц,18
216489,предыдцщий_месяц,14
216489,текущий_месяц,6
216490,текущий_месяц,11
216490,предыдцщий_месяц,19
216491,текущий_месяц,13
216491,предыдцщий_месяц,19
216492,предыдцщий_месяц,11
216492,текущий_месяц,12
216493,текущий_месяц,9
216493,предыдцщий_месяц,16
216494,предыдцщий_месяц,11
216494,текущий_месяц,18
216495,предыдцщий_месяц,10
216495,текущий_месяц,19
216496,предыдцщий_месяц,22
216496,текущий_месяц,15
216497,предыдцщий_месяц,13
216497,текущий_месяц,20
216498,текущий_месяц,7
216498,предыдцщий_месяц,15
216499,предыдцщий_месяц,13
216499,текущий_месяц,17
216500,предыдцщий_месяц,17
216500,текущий_месяц,16
216501,предыдцщий_месяц,12
216501,текущий_месяц,7
216502,предыдцщий_месяц,14
216502,текущий_месяц,9
216503,предыдцщий_месяц,14
216503,текущий_месяц,19
216504,текущий_месяц,11
216504,предыдцщий_месяц,19
216505,текущий_месяц,18
216505,предыдцщий_месяц,21
216506,текущий_месяц,13
216506,предыдцщий_месяц,14
216507,предыдцщий_месяц,18
216507,текущий_месяц,15
216508,текущий_месяц,14
216508,предыдцщий_месяц,12
216509,предыдцщий_месяц,13
216509,текущий_месяц,15
216510,текущий_месяц,12
216510,предыдцщий_месяц,20
216511,предыдцщий_месяц,18
216511,текущий_месяц,16
216512,текущий_месяц,15
216512,предыдцщий_месяц,13
216513,текущий_месяц,14
216513,предыдцщий_месяц,17
216514,текущий_месяц,8
216514,предыдцщий_месяц,18
216515,текущий_месяц,19
216515,предыдцщий_месяц,16
216516,текущий_месяц,14
216516,предыдцщий_месяц,15
216517,предыдцщий_месяц,15
216517,текущий_месяц,15
216518,текущий_месяц,15
216518,предыдцщий_месяц,9
216519,предыдцщий_месяц,15
216519,текущий_месяц,13
216520,предыдцщий_месяц,21
216520,текущий_месяц,15
216521,предыдцщий_месяц,16
216521,текущий_месяц,13
216522,текущий_месяц,22
216522,предыдцщий_месяц,14
216523,текущий_месяц,9
216523,предыдцщий_месяц,17
216524,текущий_месяц,13
216524,предыдцщий_месяц,20
216525,предыдцщий_месяц,13
216525,текущий_месяц,18
216526,текущий_месяц,14
216526,предыдцщий_месяц,13
216527,текущий_месяц,19
216527,предыдцщий_месяц,12
216528,предыдцщий_месяц,19
216528,текущий_месяц,19
216529,текущий_месяц,17
216529,предыдцщий_месяц,11
216530,текущий_месяц,15
216530,предыдцщий_месяц,17
216531,текущий_месяц,14
216531,предыдцщий_месяц,14
216532,текущий_месяц,14
216532,предыдцщий_месяц,14
216533,предыдцщий_месяц,15
216533,текущий_месяц,20
216534,предыдцщий_месяц,18
216534,текущий_месяц,7
216535,предыдцщий_месяц,15
216535,текущий_месяц,17
216536,текущий_месяц,13
216536,предыдцщий_месяц,10
216537,текущий_месяц,22
216537,предыдцщий_месяц,14
216538,текущий_месяц,16
216538,предыдцщий_месяц,9
216539,текущий_месяц,9
216539,предыдцщий_месяц,18
216540,предыдцщий_месяц,18
216540,текущий_месяц,18
216541,предыдцщий_месяц,18
216541,текущий_месяц,22
216542,предыдцщий_месяц,17
216542,текущий_месяц,17
216543,текущий_месяц,14
216543,предыдцщий_месяц,16
216544,текущий_месяц,11
216544,предыдцщий_месяц,17
216545,текущий_месяц,23
216545,предыдцщий_месяц,15
216546,предыдцщий_месяц,15
216546,текущий_месяц,14
216547,предыдцщий_месяц,13
216547,текущий_месяц,10
216548,предыдцщий_месяц,15
216548,текущий_месяц,17
216549,предыдцщий_месяц,18
216549,текущий_месяц,12
216550,предыдцщий_месяц,16
216550,текущий_месяц,13
216551,текущий_месяц,18
216551,предыдцщий_месяц,14
216552,текущий_месяц,16
216552,предыдцщий_месяц,9
216553,предыдцщий_месяц,19
216553,текущий_месяц,14
216554,текущий_месяц,11
216554,предыдцщий_месяц,17
216555,предыдцщий_месяц,15
216555,текущий_месяц,10
216556,предыдцщий_месяц,18
216556,текущий_месяц,8
216557,предыдцщий_месяц,10
216557,текущий_месяц,17
216558,текущий_месяц,16
216558,предыдцщий_месяц,15
216559,предыдцщий_месяц,20
216559,текущий_месяц,15
216560,текущий_месяц,14
216560,предыдцщий_месяц,17
216561,текущий_месяц,7
216561,предыдцщий_месяц,16
216562,предыдцщий_месяц,11
216562,текущий_месяц,8
216563,предыдцщий_месяц,13
216563,текущий_месяц,10
216564,текущий_месяц,19
216564,предыдцщий_месяц,14
216565,предыдцщий_месяц,17
216565,текущий_месяц,12
216566,текущий_месяц,20
216566,предыдцщий_месяц,15
216567,текущий_месяц,7
216567,предыдцщий_месяц,17
216568,текущий_месяц,19
216568,предыдцщий_месяц,13
216569,текущий_месяц,19
216569,предыдцщий_месяц,19
216570,текущий_месяц,14
216570,предыдцщий_месяц,18
216571,текущий_месяц,20
216571,предыдцщий_месяц,14
216572,предыдцщий_месяц,11
216572,текущий_месяц,16
216573,предыдцщий_месяц,20
216573,текущий_месяц,23
216574,текущий_месяц,12
216574,предыдцщий_месяц,9
216575,предыдцщий_месяц,8
216575,текущий_месяц,22
216576,текущий_месяц,15
216576,предыдцщий_месяц,18
216577,текущий_месяц,16
216577,предыдцщий_месяц,16
216578,текущий_месяц,9
216578,предыдцщий_месяц,12
216579,текущий_месяц,21
216579,предыдцщий_месяц,12
216580,текущий_месяц,13
216580,предыдцщий_месяц,19
216581,предыдцщий_месяц,9
216581,текущий_месяц,12
216582,текущий_месяц,20
216582,предыдцщий_месяц,15
216583,предыдцщий_месяц,17
216583,текущий_месяц,14
216584,предыдцщий_месяц,20
216584,текущий_месяц,18
216585,предыдцщий_месяц,16
216585,текущий_месяц,16
216586,текущий_месяц,21
216586,предыдцщий_месяц,11
216587,текущий_месяц,17
216587,предыдцщий_месяц,10
216588,текущий_месяц,21
216588,предыдцщий_месяц,15
216589,предыдцщий_месяц,20
216589,текущий_месяц,17
216590,предыдцщий_месяц,19
216590,текущий_месяц,14
216591,текущий_месяц,13
216591,предыдцщий_месяц,11
216592,предыдцщий_месяц,11
216592,текущий_месяц,13
216593,текущий_месяц,19
216593,предыдцщий_месяц,18
216594,текущий_месяц,17
216594,предыдцщий_месяц,15
216595,текущий_месяц,17
216595,предыдцщий_месяц,9
216596,текущий_месяц,19
216596,предыдцщий_месяц,12
216597,предыдцщий_месяц,14
216597,текущий_месяц,16
216598,предыдцщий_месяц,11
216598,текущий_месяц,13
216599,текущий_месяц,9
216599,предыдцщий_месяц,12
216600,предыдцщий_месяц,17
216600,текущий_месяц,17
216601,текущий_месяц,19
216601,предыдцщий_месяц,10
216602,текущий_месяц,11
216602,предыдцщий_месяц,17
216603,текущий_месяц,17
216603,предыдцщий_месяц,14
216604,предыдцщий_месяц,14
216604,текущий_месяц,14
216605,предыдцщий_месяц,14
216605,текущий_месяц,22
216606,предыдцщий_месяц,14
216606,текущий_месяц,20
216607,текущий_месяц,12
216607,предыдцщий_месяц,11
216608,текущий_месяц,10
216608,предыдцщий_месяц,8
216609,предыдцщий_месяц,13
216609,текущий_месяц,19
216610,текущий_месяц,21
216610,предыдцщий_месяц,12
216611,текущий_месяц,17
216611,предыдцщий_месяц,9
216612,текущий_месяц,6
216612,предыдцщий_месяц,12
216613,предыдцщий_месяц,21
216613,текущий_месяц,15
216614,текущий_месяц,15
216614,предыдцщий_месяц,11
216615,предыдцщий_месяц,11
216615,текущий_месяц,12
216616,предыдцщий_месяц,16
216616,текущий_месяц,10
216617,предыдцщий_месяц,19
216617,текущий_месяц,22
216618,текущий_месяц,19
216618,предыдцщий_месяц,15
216619,текущий_месяц,17
216619,предыдцщий_месяц,16
216620,текущий_месяц,20
216620,предыдцщий_месяц,17
216621,предыдцщий_месяц,10
216621,текущий_месяц,19
216622,текущий_месяц,8
216622,предыдцщий_месяц,12
216623,предыдцщий_месяц,11
216623,текущий_месяц,17
216624,текущий_месяц,19
216624,предыдцщий_месяц,22
216625,предыдцщий_месяц,15
216625,текущий_месяц,13
216626,текущий_месяц,21
216626,предыдцщий_месяц,14
216627,предыдцщий_месяц,9
216627,текущий_месяц,13
216628,предыдцщий_месяц,18
216628,текущий_месяц,14
216629,предыдцщий_месяц,21
216629,текущий_месяц,13
216630,текущий_месяц,16
216630,предыдцщий_месяц,17
216631,предыдцщий_месяц,17
216631,текущий_месяц,17
216632,предыдцщий_месяц,20
216632,текущий_месяц,23
216633,предыдцщий_месяц,20
216633,текущий_месяц,6
216634,текущий_месяц,13
216634,предыдцщий_месяц,14
216635,предыдцщий_месяц,12
216635,текущий_месяц,18
216636,предыдцщий_месяц,10
216636,текущий_месяц,14
216637,предыдцщий_месяц,7
216637,текущий_месяц,19
216638,предыдцщий_месяц,11
216638,текущий_месяц,14
216639,предыдцщий_месяц,14
216639,текущий_месяц,22
216640,предыдцщий_месяц,23
216640,текущий_месяц,17
216641,предыдцщий_месяц,14
216641,текущий_месяц,12
216642,текущий_месяц,19
216642,предыдцщий_месяц,19
216643,предыдцщий_месяц,14
216643,текущий_месяц,7
216644,предыдцщий_месяц,12
216644,текущий_месяц,11
216645,предыдцщий_месяц,12
216645,текущий_месяц,18
216646,предыдцщий_месяц,18
216646,текущий_месяц,7
216647,текущий_месяц,10
216647,предыдцщий_месяц,15
